SnapshotTime	RecentPlays	AllTimePlays	Favorites	Likes	Bookmarks	AverageRating	NumberOfRatings
6/22/2022 3:37:55 AM	12229	2415766	61521	0	0	3.3637812	37014
6/22/2022 3:43:21 AM	12230	2415771	61521	0	0	3.3637812	37014
6/22/2022 3:53:20 AM	12243	2415792	61524	0	0	3.3638868	37017
6/22/2022 3:56:09 AM	12247	2415801	61524	0	0	3.3638868	37017
6/22/2022 4:09:43 AM	12255	2415820	61524	0	0	3.3638868	37017
6/22/2022 4:12:26 AM	12267	2415838	61524	0	0	3.3638868	37017
6/22/2022 4:19:32 AM	12268	2415843	61525	0	0	3.3638868	37017
6/22/2022 4:21:27 AM	12271	2415849	61525	0	0	3.3638868	37017
