SnapshotTime	RecentPlays	AllTimePlays	Favorites	Likes	Bookmarks	AverageRating	NumberOfRatings
6/22/2022 3:37:55 AM	12229	2415766	61521	0	0	3.3637812	37014
6/22/2022 3:43:21 AM	12230	2415771	61521	0	0	3.3637812	37014
6/22/2022 3:53:20 AM	12243	2415792	61524	0	0	3.3638868	37017
