SnapshotTime	RecentPlays	AllTimePlays	Favorites	Likes	Bookmarks	AverageRating	NumberOfRatings
6/22/2022 3:37:55 AM	12845	2090746	37955	0	0	2.8895235	31165
6/22/2022 3:43:21 AM	12852	2090757	37955	0	0	2.8895235	31165
6/22/2022 3:53:20 AM	12855	2090769	37955	0	0	2.8895912	31166
