SnapshotTime	RecentPlays	AllTimePlays	Favorites	Likes	Bookmarks	AverageRating	NumberOfRatings
6/22/2022 3:37:55 AM	384	43861	98	0	0	3.5833333	12
6/22/2022 3:43:21 AM	384	43861	98	0	0	3.5833333	12
6/22/2022 3:53:20 AM	383	43861	98	0	0	3.5833333	12
6/22/2022 3:56:09 AM	384	43862	98	0	0	3.5833333	12
6/22/2022 4:09:43 AM	386	43864	98	0	0	3.5833333	12
6/22/2022 4:12:26 AM	387	43865	98	0	0	3.5833333	12
6/22/2022 4:19:32 AM	387	43865	98	0	0	3.5833333	12
6/22/2022 4:21:27 AM	387	43865	98	0	0	3.5833333	12
6/22/2022 4:28:55 AM	387	43866	98	0	0	3.5833333	12
