SnapshotTime	RecentPlays	AllTimePlays	Favorites	Likes	Bookmarks	AverageRating	NumberOfRatings
6/22/2022 3:37:55 AM	384	43861	98	0	0	3.5833333	12
6/22/2022 3:43:21 AM	384	43861	98	0	0	3.5833333	12
6/22/2022 3:53:20 AM	383	43861	98	0	0	3.5833333	12
