SnapshotTime	RecentPlays	AllTimePlays	Favorites	Likes	Bookmarks	AverageRating	NumberOfRatings
6/22/2022 3:37:55 AM	49008	884367	3092	0	0	3.53605	1914
6/22/2022 3:43:21 AM	49028	884400	3092	0	0	3.53605	1914
6/22/2022 3:53:20 AM	49067	884472	3092	0	0	3.53605	1914
