SnapshotTime	RecentPlays	AllTimePlays	Favorites	Likes	Bookmarks	AverageRating	NumberOfRatings
6/22/2022 3:37:55 AM	48884	10190964	87613	0	0	2.3729694	78607
6/22/2022 3:43:21 AM	48902	10190996	87613	0	0	2.3729694	78607
