SnapshotTime	RecentPlays	AllTimePlays	Favorites	Likes	Bookmarks	AverageRating	NumberOfRatings
6/22/2022 3:37:55 AM	48884	10190964	87613	0	0	2.3729694	78607
6/22/2022 3:43:21 AM	48902	10190996	87613	0	0	2.3729694	78607
6/22/2022 3:53:20 AM	48951	10191078	87613	0	0	2.3729694	78607
6/22/2022 3:56:09 AM	48982	10191130	87613	0	0	2.3729694	78607
6/22/2022 4:09:43 AM	49036	10191228	87613	0	0	2.3729694	78607
6/22/2022 4:12:26 AM	49064	10191277	87613	0	0	2.3729694	78607
6/22/2022 4:19:32 AM	49086	10191322	87613	0	0	2.3729694	78607
6/22/2022 4:21:27 AM	49108	10191366	87613	0	0	2.3729694	78607
6/22/2022 4:28:55 AM	49120	10191395	87612	0	0	2.3729694	78607
