SnapshotTime	RecentPlays	AllTimePlays	Favorites	Likes	Bookmarks	AverageRating	NumberOfRatings
6/22/2022 3:37:55 AM	20514	3461229	1329	1	0	3.905314	1035
6/22/2022 3:43:21 AM	20516	3461239	1329	1	0	3.905314	1035
