SnapshotTime	RecentPlays	AllTimePlays	Favorites	Likes	Bookmarks	AverageRating	NumberOfRatings
6/22/2022 3:37:55 AM	270283	2151675	244	0	0	3.958506	241
6/22/2022 3:43:21 AM	270310	2151802	244	0	0	3.958506	241
6/22/2022 3:53:20 AM	270364	2152107	244	0	0	3.958506	241
6/22/2022 3:56:09 AM	270418	2152315	244	0	0	3.958506	241
6/22/2022 4:09:43 AM	270474	2152699	244	0	0	3.958506	241
6/22/2022 4:12:26 AM	270509	2152889	244	0	0	3.958506	241
6/22/2022 4:19:32 AM	270540	2153090	244	0	0	3.958506	241
6/22/2022 4:21:27 AM	270558	2153186	244	0	0	3.958506	241
