SnapshotTime	RecentPlays	AllTimePlays	Favorites	Likes	Bookmarks	AverageRating	NumberOfRatings
6/22/2022 3:37:55 AM	203378	19830242	3313	0	0	3.3819711	2851
6/22/2022 3:43:21 AM	203394	19830333	3313	0	0	3.3819711	2851
