SnapshotTime	RecentPlays	AllTimePlays	Favorites	Likes	Bookmarks	AverageRating	NumberOfRatings
6/22/2022 3:37:55 AM	203378	19830242	3313	0	0	3.3819711	2851
6/22/2022 3:43:21 AM	203394	19830333	3313	0	0	3.3819711	2851
6/22/2022 3:53:20 AM	203405	19830543	3313	0	0	3.3819711	2851
6/22/2022 3:56:09 AM	203437	19830696	3313	0	0	3.3819711	2851
6/22/2022 4:09:43 AM	203455	19830969	3313	0	0	3.3819711	2851
6/22/2022 4:12:26 AM	203461	19831096	3313	0	0	3.3819711	2851
