SnapshotTime	RecentPlays	AllTimePlays	Favorites	Likes	Bookmarks	AverageRating	NumberOfRatings
6/22/2022 3:37:55 AM	49074	8027550	10128	0	0	2.674682	14306
6/22/2022 3:43:21 AM	49108	8027602	10128	0	0	2.674682	14306
6/22/2022 3:53:20 AM	49149	8027679	10128	0	0	2.674682	14306
