SnapshotTime	RecentPlays	AllTimePlays	Favorites	Likes	Bookmarks	AverageRating	NumberOfRatings
6/22/2022 3:37:55 AM	8969	1978025	26758	0	0	3.175985	23752
6/22/2022 3:43:21 AM	8974	1978033	26759	0	0	3.1760619	23753
