SnapshotTime	RecentPlays	AllTimePlays	Favorites	Likes	Bookmarks	AverageRating	NumberOfRatings
6/22/2022 3:37:55 AM	179543	31500758	149450	1	0	2.769649	100030
6/22/2022 3:43:21 AM	179620	31500933	149450	1	0	2.769649	100030
6/22/2022 3:53:20 AM	179715	31501165	149452	1	0	2.769649	100030
6/22/2022 3:56:09 AM	179773	31501307	149452	1	0	2.769649	100030
