SnapshotTime	RecentPlays	AllTimePlays	Favorites	Likes	Bookmarks	AverageRating	NumberOfRatings
6/22/2022 3:37:55 AM	17844	3585560	3031	1	0	3.2359505	2509
6/22/2022 3:43:21 AM	17851	3585573	3031	1	0	3.2359505	2509
6/22/2022 3:53:20 AM	17849	3585584	3031	1	0	3.2359505	2509
