SnapshotTime	RecentPlays	AllTimePlays	Favorites	Likes	Bookmarks	AverageRating	NumberOfRatings
6/22/2022 3:37:55 AM	25193	10219693	52096	0	0	3.0479937	43360
6/22/2022 3:43:21 AM	25212	10219725	52096	0	0	3.0480156	43361
6/22/2022 3:53:20 AM	25230	10219761	52096	0	0	3.0480156	43361
