SnapshotTime	RecentPlays	AllTimePlays	Favorites	Likes	Bookmarks	AverageRating	NumberOfRatings
6/22/2022 3:37:55 AM	59615	10537863	30440	0	0	3.871859	21133
6/22/2022 3:43:21 AM	59643	10537914	30440	0	0	3.871859	21133
6/22/2022 3:53:20 AM	59691	10538004	30440	0	0	3.871859	21133
