SnapshotTime	RecentPlays	AllTimePlays	Favorites	Likes	Bookmarks	AverageRating	NumberOfRatings
6/22/2022 3:37:55 AM	31868	11196849	35438	0	0	2.8263886	39623
6/22/2022 3:43:21 AM	31875	11196868	35438	0	0	2.8263886	39623
6/22/2022 3:53:20 AM	31901	11196916	35438	0	0	2.8263886	39623
6/22/2022 3:56:09 AM	31922	11196950	35438	0	0	2.8264437	39624
6/22/2022 4:09:43 AM	31963	11197020	35438	0	0	2.8264437	39624
