SnapshotTime	RecentPlays	AllTimePlays	Favorites	Likes	Bookmarks	AverageRating	NumberOfRatings
6/22/2022 3:37:55 AM	31868	11196849	35438	0	0	2.8263886	39623
6/22/2022 3:43:21 AM	31875	11196868	35438	0	0	2.8263886	39623
