SnapshotTime	RecentPlays	AllTimePlays	Favorites	Likes	Bookmarks	AverageRating	NumberOfRatings
7/26/2022 5:51:36 PM	3753	82710	1093	0	0	3.845619	719
7/26/2022 6:21:30 PM	3760	82732	1093	0	0	3.845619	719
7/26/2022 6:56:53 PM	3769	82760	1093	0	0	3.845619	719
7/26/2022 7:14:51 PM	3780	82783	1093	0	0	3.845619	719
