SnapshotTime	RecentPlays	AllTimePlays	Favorites	Likes	Bookmarks	AverageRating	NumberOfRatings
7/26/2022 5:51:36 PM	3753	82710	1093	0	0	3.845619	719
7/26/2022 6:21:30 PM	3760	82732	1093	0	0	3.845619	719
7/26/2022 6:56:53 PM	3769	82760	1093	0	0	3.845619	719
7/26/2022 7:14:51 PM	3780	82783	1093	0	0	3.845619	719
7/26/2022 7:51:15 PM	3794	82814	1093	0	0	3.845619	719
7/26/2022 8:19:57 PM	3815	82851	1093	0	0	3.845619	719
7/26/2022 8:50:42 PM	3839	82891	1093	0	0	3.845619	719
7/26/2022 9:18:09 PM	3851	82917	1093	0	0	3.845619	719
