SnapshotTime	RecentPlays	AllTimePlays	Favorites	Likes	Bookmarks	AverageRating	NumberOfRatings
6/22/2022 3:37:55 AM	266244	27441702	4789	0	0	3.5562897	3784
6/22/2022 3:43:21 AM	266283	27441831	4789	0	0	3.5562897	3784
6/22/2022 3:53:20 AM	266389	27442187	4789	0	0	3.5562897	3784
