SnapshotTime	RecentPlays	AllTimePlays	Favorites	Likes	Bookmarks	AverageRating	NumberOfRatings
6/22/2022 3:37:55 AM	266244	27441702	4789	0	0	3.5562897	3784
6/22/2022 3:43:21 AM	266283	27441831	4789	0	0	3.5562897	3784
6/22/2022 3:53:20 AM	266389	27442187	4789	0	0	3.5562897	3784
6/22/2022 3:56:09 AM	266424	27442372	4789	0	0	3.5562897	3784
6/22/2022 4:09:43 AM	266540	27442798	4789	0	0	3.5562897	3784
6/22/2022 4:12:26 AM	266587	27442984	4789	0	0	3.5562897	3784
