SnapshotTime	RecentPlays	AllTimePlays	Favorites	Likes	Bookmarks	AverageRating	NumberOfRatings
6/22/2022 3:37:55 AM	47772	8527070	14388	0	0	2.2906976	19694
6/22/2022 3:43:21 AM	47797	8527113	14388	0	0	2.2906976	19694
