SnapshotTime	RecentPlays	AllTimePlays	Favorites	Likes	Bookmarks	AverageRating	NumberOfRatings
6/22/2022 3:37:55 AM	60131	475912	465	0	0	3.574822	421
6/22/2022 3:43:21 AM	60173	475976	465	0	0	3.574822	421
