SnapshotTime	RecentPlays	AllTimePlays	Favorites	Likes	Bookmarks	AverageRating	NumberOfRatings
6/22/2022 3:37:55 AM	60131	475912	465	0	0	3.574822	421
6/22/2022 3:43:21 AM	60173	475976	465	0	0	3.574822	421
6/22/2022 3:53:20 AM	60225	476071	465	0	0	3.574822	421
6/22/2022 3:56:09 AM	60261	476134	465	0	0	3.574822	421
6/22/2022 4:09:43 AM	60307	476236	465	0	0	3.574822	421
6/22/2022 4:12:26 AM	60343	476307	465	0	0	3.574822	421
