SnapshotTime	RecentPlays	AllTimePlays	Favorites	Likes	Bookmarks	AverageRating	NumberOfRatings
6/22/2022 3:37:55 AM	277425	28401948	3618	0	0	3.861309	3086
6/22/2022 3:43:21 AM	277504	28402208	3618	0	0	3.861309	3086
6/22/2022 3:53:20 AM	277631	28402708	3618	0	0	3.861309	3086
6/22/2022 3:56:09 AM	277637	28402745	3618	0	0	3.861309	3086
6/22/2022 4:09:43 AM	277731	28403166	3618	0	0	3.861309	3086
6/22/2022 4:12:26 AM	277784	28403373	3618	0	0	3.861309	3086
