SnapshotTime	RecentPlays	AllTimePlays	Favorites	Likes	Bookmarks	AverageRating	NumberOfRatings
6/22/2022 3:37:55 AM	22554	1260283	179	0	0	3.7222223	252
6/22/2022 3:43:21 AM	22564	1260301	179	0	0	3.7222223	252
6/22/2022 3:53:20 AM	22572	1260325	179	0	0	3.7222223	252
6/22/2022 3:56:09 AM	22581	1260344	179	0	0	3.7222223	252
