SnapshotTime	RecentPlays	AllTimePlays	Favorites	Likes	Bookmarks	AverageRating	NumberOfRatings
6/22/2022 3:37:55 AM	12175	2767664	52504	0	0	2.378661	46675
6/22/2022 3:43:21 AM	12182	2767675	52504	0	0	2.378661	46675
