SnapshotTime	RecentPlays	AllTimePlays	Favorites	Likes	Bookmarks	AverageRating	NumberOfRatings
6/22/2022 3:37:55 AM	12175	2767664	52504	0	0	2.378661	46675
6/22/2022 3:43:21 AM	12182	2767675	52504	0	0	2.378661	46675
6/22/2022 3:53:20 AM	12195	2767696	52504	0	0	2.378661	46675
6/22/2022 3:56:09 AM	12201	2767707	52504	0	0	2.378661	46675
6/22/2022 4:09:43 AM	12220	2767737	52504	0	0	2.378661	46675
6/22/2022 4:12:26 AM	12228	2767752	52505	0	0	2.378661	46675
