SnapshotTime	RecentPlays	AllTimePlays	Favorites	Likes	Bookmarks	AverageRating	NumberOfRatings
6/22/2022 3:37:55 AM	626683	1847097	1839	0	0	3.0586612	1449
6/22/2022 3:43:21 AM	626450	1847182	1839	0	0	3.0586612	1449
