SnapshotTime	RecentPlays	AllTimePlays	Favorites	Likes	Bookmarks	AverageRating	NumberOfRatings
6/22/2022 3:37:55 AM	626683	1847097	1839	0	0	3.0586612	1449
6/22/2022 3:43:21 AM	626450	1847182	1839	0	0	3.0586612	1449
6/22/2022 3:53:20 AM	625868	1847401	1839	0	0	3.0586612	1449
6/22/2022 3:56:09 AM	625501	1847526	1839	0	0	3.0586612	1449
6/22/2022 4:09:43 AM	624704	1847775	1839	0	0	3.0586612	1449
6/22/2022 4:12:26 AM	624324	1847888	1839	0	0	3.0586612	1449
