SnapshotTime	RecentPlays	AllTimePlays	Favorites	Likes	Bookmarks	AverageRating	NumberOfRatings
6/22/2022 3:37:55 AM	233443	26892343	3369	0	0	3.6799722	2881
6/22/2022 3:43:21 AM	233520	26892568	3369	0	0	3.6799722	2881
6/22/2022 3:53:20 AM	233671	26893024	3369	0	0	3.6799722	2881
6/22/2022 3:56:09 AM	233684	26893062	3369	0	0	3.6799722	2881
6/22/2022 4:09:43 AM	233782	26893427	3369	0	0	3.6799722	2881
