SnapshotTime	RecentPlays	AllTimePlays	Favorites	Likes	Bookmarks	AverageRating	NumberOfRatings
6/22/2022 3:37:55 AM	27780	5009011	8221	0	0	3.1817048	4810
6/22/2022 3:43:21 AM	27795	5009039	8221	0	0	3.1817048	4810
6/22/2022 3:53:20 AM	27819	5009087	8221	0	0	3.1817048	4810
6/22/2022 3:56:09 AM	27828	5009111	8221	0	0	3.1817048	4810
6/22/2022 4:09:43 AM	27849	5009163	8221	0	0	3.1817048	4810
