SnapshotTime	RecentPlays	AllTimePlays	Favorites	Likes	Bookmarks	AverageRating	NumberOfRatings
6/22/2022 3:37:55 AM	178293	30955588	30959	0	0	3.2172656	25959
6/22/2022 3:43:21 AM	178373	30955734	30959	0	0	3.2172656	25959
6/22/2022 3:53:20 AM	178542	30956027	30959	0	0	3.2172656	25959
6/22/2022 3:56:09 AM	178641	30956202	30959	0	0	3.2172656	25959
6/22/2022 4:09:43 AM	178838	30956561	30959	0	0	3.2172656	25959
6/22/2022 4:12:26 AM	178961	30956784	30959	0	0	3.2172656	25959
6/22/2022 4:19:32 AM	179023	30956906	30960	0	0	3.2173343	25960
