SnapshotTime	RecentPlays	AllTimePlays	Favorites	Likes	Bookmarks	AverageRating	NumberOfRatings
6/22/2022 3:37:55 AM	223581	23531938	3446	1	0	3.5193465	3489
6/22/2022 3:43:21 AM	223608	23532119	3446	1	0	3.5193465	3489
6/22/2022 3:53:20 AM	223628	23532353	3446	1	0	3.5193465	3489
6/22/2022 3:56:09 AM	223634	23532490	3446	1	0	3.5193465	3489
