SnapshotTime	RecentPlays	AllTimePlays	Favorites	Likes	Bookmarks	AverageRating	NumberOfRatings
6/22/2022 3:37:55 AM	4520	159224	287	0	0	3.3464913	228
6/22/2022 3:43:21 AM	4521	159227	287	0	0	3.3464913	228
6/22/2022 3:53:20 AM	4526	159237	287	0	0	3.3464913	228
6/22/2022 3:56:09 AM	4526	159239	287	0	0	3.3464913	228
6/22/2022 4:09:43 AM	4528	159247	287	0	0	3.3464913	228
6/22/2022 4:12:26 AM	4531	159254	287	0	0	3.3464913	228
6/22/2022 4:19:32 AM	4533	159258	287	0	0	3.3464913	228
6/22/2022 4:21:27 AM	4533	159261	287	0	0	3.3464913	228
