SnapshotTime	RecentPlays	AllTimePlays	Favorites	Likes	Bookmarks	AverageRating	NumberOfRatings
6/22/2022 3:37:55 AM	157464	18412918	4166	0	0	3.2816508	4289
6/22/2022 3:43:21 AM	157467	18412979	4166	0	0	3.2816508	4289
6/22/2022 3:53:20 AM	157520	18413177	4166	0	0	3.2816508	4289
