SnapshotTime	RecentPlays	AllTimePlays	Favorites	Likes	Bookmarks	AverageRating	NumberOfRatings
6/22/2022 3:37:55 AM	152499	11350370	3102	0	0	2.3561924	3908
6/22/2022 3:43:21 AM	152498	11350452	3102	0	0	2.3561924	3908
6/22/2022 3:53:20 AM	152490	11350602	3102	0	0	2.3561924	3908
6/22/2022 3:56:09 AM	152483	11350693	3102	0	0	2.3561924	3908
6/22/2022 4:09:43 AM	152466	11350882	3102	0	0	2.3561924	3908
6/22/2022 4:12:26 AM	152449	11350962	3102	0	0	2.3561924	3908
6/22/2022 4:19:32 AM	152418	11351038	3102	0	0	2.3561924	3908
6/22/2022 4:21:27 AM	152389	11351107	3102	0	0	2.3561924	3908
6/22/2022 4:28:55 AM	152354	11351214	3102	0	0	2.3561924	3908
