SnapshotTime	RecentPlays	AllTimePlays	Favorites	Likes	Bookmarks	AverageRating	NumberOfRatings
6/22/2022 3:37:55 AM	152499	11350370	3102	0	0	2.3561924	3908
6/22/2022 3:43:21 AM	152498	11350452	3102	0	0	2.3561924	3908
