SnapshotTime	RecentPlays	AllTimePlays	Favorites	Likes	Bookmarks	AverageRating	NumberOfRatings
6/22/2022 3:37:55 AM	9054	1157670	2280	0	0	3.216442	2153
6/22/2022 3:43:21 AM	9060	1157679	2280	0	0	3.216442	2153
6/22/2022 3:53:20 AM	9060	1157687	2280	0	0	3.216442	2153
