SnapshotTime	RecentPlays	AllTimePlays	Favorites	Likes	Bookmarks	AverageRating	NumberOfRatings
6/22/2022 3:37:55 AM	47804	8539077	11145	0	0	2.9997525	12123
6/22/2022 3:43:21 AM	47828	8539119	11145	0	0	2.9997525	12123
