SnapshotTime	RecentPlays	AllTimePlays	Favorites	Likes	Bookmarks	AverageRating	NumberOfRatings
6/22/2022 3:37:55 AM	47804	8539077	11145	0	0	2.9997525	12123
6/22/2022 3:43:21 AM	47828	8539119	11145	0	0	2.9997525	12123
6/22/2022 3:53:20 AM	47870	8539195	11145	0	0	2.9997525	12123
6/22/2022 3:56:09 AM	47885	8539230	11145	0	0	2.9997525	12123
