SnapshotTime	RecentPlays	AllTimePlays	Favorites	Likes	Bookmarks	AverageRating	NumberOfRatings
6/22/2022 3:37:55 AM	63623	6920022	9320	0	0	2.9653916	7137
6/22/2022 3:43:21 AM	63669	6920091	9320	0	0	2.9653916	7137
