SnapshotTime	RecentPlays	AllTimePlays	Favorites	Likes	Bookmarks	AverageRating	NumberOfRatings
6/22/2022 3:37:55 AM	4419	108946	83	0	0	4.1578946	19
6/22/2022 3:43:21 AM	4421	108949	83	0	0	4.1578946	19
